{
  "Total" : {
    "transaction" : "Total",
    "sampleCount" : 600,
    "errorCount" : 2,
    "errorPct" : 0.33333334,
    "meanResTime" : 18625.78333333332,
    "medianResTime" : 17677.5,
    "minResTime" : 596.0,
    "maxResTime" : 64448.0,
    "pct1ResTime" : 32440.399999999998,
    "pct2ResTime" : 37892.59999999998,
    "pct3ResTime" : 52438.5,
    "throughput" : 7.462129691814044,
    "receivedKBytesPerSec" : 1017.234653275253,
    "sentKBytesPerSec" : 0.8279757574061637
  },
  "HTTP Request" : {
    "transaction" : "HTTP Request",
    "sampleCount" : 600,
    "errorCount" : 2,
    "errorPct" : 0.33333334,
    "meanResTime" : 18625.78333333332,
    "medianResTime" : 17677.5,
    "minResTime" : 596.0,
    "maxResTime" : 64448.0,
    "pct1ResTime" : 32440.399999999998,
    "pct2ResTime" : 37892.59999999998,
    "pct3ResTime" : 52438.5,
    "throughput" : 7.462129691814044,
    "receivedKBytesPerSec" : 1017.234653275253,
    "sentKBytesPerSec" : 0.8279757574061637
  }
}